{
  "power_score": [
    100,
    100,
    200,
    150
  ],
  "confluence_l1": [
    300,
    100,
    350,
    130
  ],
  "confluence_l2": [
    300,
    130,
    350,
    160
  ],
  "confluence_l3": [
    300,
    160,
    350,
    190
  ],
  "confluence_l4": [
    300,
    190,
    350,
    220
  ],
  "signal_color": [
    500,
    100,
    600,
    200
  ],
  "macvu_status": [
    700,
    100,
    800,
    150
  ],
  "atr_value": [
    900,
    100,
    1000,
    150
  ],
  "enigma_panel": [
    50,
    50,
    1200,
    800
  ]
}